"Id";"Identificador";"Huella";"Cantidad";"Identificación";"Suministrador y ref";
1;"S16,S55,S49,S82,S10,S76,S30,S56,S67,S23,S25,S81,S52,S8,S5,S38,S77,S53,S61,S21,S74,S85,S71,S35,S1,S12,S89,S51,S32,S54,S62,S50,S63,S33,S37,S80,S93,S75,S65,S17,S31,S3,S57,S78,S7,S45,S48,S34,S6,S59,S20,S26,S36,S70,S60,S15,S73,S19,S90,S18,S11,S41,S40,S44,S88,S58,S24,S46,S47,S68,S66,S4,S22,S94,S14,S64,S27,S72,S29,S13,S83,S79,S9,S96,S91,S2,S95,S43,S87,S42,S69,S86,S39,S28";"SW_PUSH_6mm_H7.3mm_mia";94;"430156070736";;;
2;"S92,S84";"SW_PUSH_6mm_H7.3mm_mia";2;"430156070736";;;
3;"C6,C2,C16,C1,C18,C10,C21,C4";"CP_EIA-3528-21_Kemet-B_Pad1.50x2.35mm_HandSolder";8;"22uF";;;
4;"J6";"TE_84953-7_1x07-1MP_P1.0mm_Horizontal";1;"KB_To_Hub";;;
5;"D3";"LED_D3.0mm_Horizontal_O1.27mm_Z2.0mm";1;"LED";;;
6;"C22,C17";"CP_EIA-3528-21_Kemet-B_Pad1.50x2.35mm_HandSolder";2;"4.7uF";;;
7;"F1,F4";"Fuse_2920_7451Metric_Pad2.10x5.45mm_HandSolder";2;"Fuse_Small";;;
8;"U1";"TQFP-44_10x10mm_P0.8mm";1;"ATmega32U4RC-A";;;
9;"R9";"R_0805_2012Metric_Pad1.20x1.40mm_HandSolder";1;"100";;;
10;"C20,C11,C3,C5";"C_0805_2012Metric_Pad1.18x1.45mm_HandSolder";4;"0.1uF";;;
11;"U2";"SSOP-28_3.9x9.9mm_P0.635mm";1;"FE1.1s";;;
12;"C14,C15";"C_0805_2012Metric_Pad1.18x1.45mm_HandSolder";2;"22pF";;;
13;"J3";"USB_A_Molex_67643_Horizontal";1;"USB_A";;;
14;"R7";"R_0805_2012Metric_Pad1.20x1.40mm_HandSolder";1;"2K7";;;
15;"Y2";"Crystal_HC49-4H_Vertical";1;"12MHz";;;
16;"R2";"R_0805_2012Metric_Pad1.20x1.40mm_HandSolder";1;"0";;;
17;"L2,L1";"L_0805_2012Metric_Pad1.05x1.20mm_HandSolder";2;"L_Ferrite_Small";;;
18;"SW1";"SW_Tactile_SPST_Angled_PTS645Vx83-2LFS";1;"F12";;;
19;"R1";"R_0805_2012Metric_Pad1.20x1.40mm_HandSolder";1;"1K";;;
20;"R5,R4";"R_0805_2012Metric_Pad1.20x1.40mm_HandSolder";2;"22";;;
21;"D2";"LED_0603_1608Metric";1;"CL";;;
22;"R8";"R_0805_2012Metric_Pad1.20x1.40mm_HandSolder";1;"680";;;
23;"R3,R6";"R_0805_2012Metric_Pad1.20x1.40mm_HandSolder";2;"10K";;;
24;"J1";"PinHeader_1x09_P2.54mm_Horizontal";1;"Conn_01x09_Male";;;
25;"J4";"PinHeader_2x03_P2.54mm_Vertical";1;"ISCP";;;
26;"C7";"C_0805_2012Metric_Pad1.18x1.45mm_HandSolder";1;"0.22uF";;;
27;"C12,C19,C13,C9";"C_0805_2012Metric_Pad1.18x1.45mm_HandSolder";4;"100nF";;;
28;"U3";"SSOP-24_3.9x8.7mm_P0.635mm";1;"GL823";;;
29;"J9";"SD_TE_2041021";1;"SD_Card";;;
30;"J7";"USB_Micro-B_Amphenol_10118194_Horizontal";1;"USB_B_Micro";;;
31;"J5";"TE_84953-7_1x07-1MP_P1.0mm_Horizontal";1;"From_KB";;;
32;"D1";"D_0805_2012Metric_Pad1.15x1.40mm_HandSolder";1;"1N4148";;;
33;"Y1";"Crystal_HC49-4H_Vertical";1;"16MHz";;;
34;"C8";"CP_EIA-3528-21_Kemet-B_Pad1.50x2.35mm_HandSolder";1;"1uF";;;
